{"accuracy": 91.51785714285714, "eval_loss": 0.24781770099486625, "epoch": 734}